source_file,well_file_no,well_name,api_number,county,section,township,range,quarter_quarter,footages,latitude,longitude,operator,spud_date,completion_date,stimulation_type,field_name,pool,raw_text_sample,api_clean,well_name_clean,detail_url,well_status,well_type,closest_city,oil_produced,gas_produced
W28654.pdf,28654,Spacing Unit Description Kline Federal 5300 41 18,33-053-06028,Gas,57,153N,100W,SWSW,200' FNL & 200' FEL,N/A,N/A,Oasis Petroleum Oasis Petroleum,N/A,N/A,"Acidizing, Fracture Treatment, Shooting",Oasis,County,"SUNDRY NOTICES AND REPORTS ON WELLS FORM 4 INDUSTRIAL COMMISSION OF NORTH DAKOTAOIL AND GAS DIVISION Received IWell File No. 600 EAST BOULEVARD DEPT 405 28654 BISMARCK, ND 58505 0840 FEB 18 2016 SFN 5749 (09 2006) PLEASE READ INSTRUCTIONS BEFORE FILLING OUT FORM. ND Oil & Gas Division PLEASE SUBMIT THE ORIGINAIL A ND ONE COPY. D Notice of Intent Approximate Start Date D Drilling Prognosis D Spill Report D DRedrilling or Repair Shooting 0 Report of Work Done Date Work Completed D Casing or Line",33-053-06028,Kline Federal 5300 41 18,N/A,Plugged and Abandoned,Oil & Gas,Williston,0.0,0.0
W22740.pdf,22099,Oasis Larry 5301 #44 12B,33-053-03911,Gas,57,153N,101W,SESE,197' FNL & 628' FEL,N/A,N/A,M McCammond,N/A,N/A,"Acidizing, Fracture Treatment, Shooting",BAKERNORTH,Ed,"SUNDRY NOTICES AND REPORTS ON WELLS FORll1t4 INDUSTRIAL COMMISSION OF NORTH DAKOTA 0,i. ',.,(b?/ , OIL AND GAS DIVISION t ,,' .. Well File No. 600 EAST BOULEVARD DEPT 405 J/1 222100 01 !Jer l BISMARCK, ND 58505 0840 ?01JNDaltlv D / ..) SFN 5749 (09 2006) . e / 'f!D .., C. , 111 . , ,jf .G4. .l ' ' (,.. PLEASE READ INSTRUCTIONS BEFORE FILLING OUT FORM. /'& . o. , PLEASE SUBMIT THE ORIGINAL AND ONE COPY. c I/ , ...... L. ,, 0 Notice of Intent Approximate",33-053-03911,Larry 5301 44 12B,N/A,N/A,N/A,N/A,0.0,0.0
W36047.pdf,36047,Lewis Federal 5300 11 31,33-053-08946,Gas,57,153N,100W,NWNW,N/A,N/A,N/A,Oasis Petroleum,2018-02-18 00:00:00,N/A,"Acidizing, Fracture Treatment, Shooting",Strength,Name,"Survey Certification 7327 West Barton Road Casper, WY 82604 (307) 472 6621 Fax (307) 472 5439 Operator Oasis Petroleum Well Name & No. Lewis Federal 5300 11 31 4BR OHAPI # 33 053 08946 County & State McKenzie County, NDSDI Job # OP.016663 Rig Nabors B21 Survey Date 14 Mar 2019 I, Seth M. Burstad , having personal knowledge of all the facts, hereby certify that the attached directional survey run from a measured depth of 0 feet to a measured depth of 16577 feet is true and correct as determined f",33-053-08946,Lewis Federal 5300 11 31,N/A,Active,Oil & Gas,Williston,511.0,1700.0
W28655.pdf,28655,Spacing Unit Description Kline Federal 5300 41 1814B,33-053-06029,Kline,57,153N,100W,SWSW,200' FNL & 200' FEL,N/A,N/A,Oasis Petroleum,N/A,N/A,"Acidizing, Fracture Treatment, Shooting",IPool,Name,"INDUSTRIAL COMMISSION OF NORTH DAKOTAOIL AND GAS DIVISION 1Well File No. 600 EAST BOULEVARD DEPT 405 28655 BISMARCK, ND 58505 0840 SFN 5749 (09 2006) PLEASE READ INSTRUCTIONS BEFORE FILLING OUT FORM. PLEASE SUBMIT THE ORIGINAIL A ND ONE COPY. D DNotice of Intent Approximate Start Date D DRedrilling or Repair Shooting 0 Report of Work Done Date Work Completed D Casing or Liner D Acidizing November15,2015 D Plug Well D Fracture Treatment D Notice of Intent to Begin a Workover Project that may Qu",33-053-06029,Kline Federal 5300 41 18,N/A,Active,Oil & Gas,Williston,872.0,5300.0
W25159.pdf,25159,COLUMBUS FEDERAL 2 16H,33-053-04855,Mckenziesection,16,153N,101W,SENE,N/A,N/A,N/A,"CONTINENTAL RESOURCES, INC.",2013-10-25 00:00:00,N/A,"Acidizing, Fracture Treatment, Shooting",BAKERCounty,Name,"Industrial Commission of North Dakota Oil and Gas Division Spill / Incident Report Date/Time Reported Feb 28 2014 / 16 48 State Agency person Responsible Party CONTINENTAL RESOURCES, INC. Well Operator CONTINENTAL RESOURCES, INC. Date/Time of Incident 2/27/2014 12 00 00 AMNDIC File Number 25159 Facility Number Well or Facility Name COLUMBUS FEDERAL 2 16HType of Incident Tank Overflow Field Name BAKERCounty MCKENZIESection 16 Township 153 Range 101 Quarter Quarter Qu",33-053-04855,COLUMBUS FEDERAL 2 16H,N/A,Active,Oil & Gas,Williston,815.0,1400.0
W20197.pdf,20197,WADE FEDERAL 5300 21 30H,33-053-03413,Open,21,153N,100W,SENE,2220' FNL & 200' FEL,N/A,N/A,Oasis Petroleum,N/A,N/A,"Acidizing, Fracture Treatment, Shooting",of,Permit,"Oasis Petroleum North America LLCWade Federal 5300 21 30HServices Performed For Onsite Geology Performed by Mike Box, Bob Candito Joseph Large, Mike Grams Oasis Petroleum North America LLC RPM Consulting 1001 Fannin Suite 202 geology@rpmconsultinginc.com Houston Texas 77002 (303) 595 7625 Well Evaluation Oasis Petroleum Corp. USA SW NW Sec. 30, T153N R100WWade Wade Federal 5300 21 30H McKenzie County, North Dakota Synopsis Wade Federal 5300 21 30H SW NW Section 21, T153N, R100W is a latera",33-053-03413,WADE FEDERAL 5300 21 30H,N/A,Active,Oil & Gas,Williston,63.0,12.0
W25158.pdf,25158,TALLAHASSEE 2 16H,33-053-04854,Mckenziesection,16,153N,101W,SENE,N/A,N/A,N/A,"CONTINENTAL RESOURCES, INC.",2013-11-01 00:00:00,N/A,"Acidizing, Fracture Treatment, Shooting",BAKERCounty,Name,"Industrial Commission of North Dakota Oil and Gas Division Spill / Incident Report Date/Time Reported Dec 30 2015 / 09 12 State Agency person Responsible Party CONTINENTAL RESOURCES, INC. Well Operator CONTINENTAL RESOURCES, INC. Date/Time of Incident 12/29/2015 12 00 00 AMNDIC File Number 25158 Facility Number Well or Facility Name TALLAHASSEE 2 16HType of Incident Other Field Name BAKERCounty MCKENZIESection 16 Township 153 Range 101 Quarter Quarter Quarter Dist",33-053-04854,TALLAHASSEE 2 16H,N/A,Active,Oil & Gas,Williston,277.0,1300.0
W90244.pdf,90244,Spacing Unit Description BUCK SHOT SWD 5300 31 31,33-053-90244,Gas,31,153N,100W,NWSW,1710' FSL & 1125' FWL,N/A,N/A,Edgar Maldonado,N/A,N/A,"Acidizing, Fracture Treatment, Shooting",Well,Name,"Complete items 1, 2, and 3. Also complete item 4 if Restricted Delivery is desired. D Agent Print your name and address on the reverse D Addressee so that we can return the card to you. Attach this card to the back of the mailpiece, or on the front if space permits. D. Is delivery address different from item 1? D Yes 1. Article Addressed to If YES, enter delivery address below D No Michael Kukuk Received is Petroleum North America LLC 1001 Fannin Suite 1500 APR f 1 2016 3. S71Yice Type",33-053-90244,BUCK SHOT SWD 5300 31 31,N/A,Active,Salt Water Disposal,Williston,0.0,0.0
W28652.pdf,28652,Spacing Unit Description Kline Federal 5300 41 18,33-053-06026,Mckenzie,18,153N,100W,SWNW,500' FSL & 237' FWL,N/A,N/A,Oasis Petroleum,N/A,N/A,"Acidizing, Fracture Treatment, Shooting",of,Name,"Oasis Petroleum North America Kline Federal 5300 41 18 10BServices Performed For Onsite Geology Performed by Brendan Hargrove Annika Tostengard, Timber Solberg Oasis Petroleum North America RPM Geologic 1001 Fannin Suite 202 geology@rpmconsultinginc.com Houston, TX 77002 (303) 595 7625 WELL EVALUATIONOasis Petroleum Kline Federal 5300 41 18 10BSW SW Sec. 18, T153N, R100WWilliams County, North Dakota Synopsis Oasis Petroleum Kline Federal 5300 41 18 10B SW SW Sec. 18 T153N R100W is located 6",33-053-06026,Kline Federal 5300 41 18,N/A,Active,Oil & Gas,Williston,80.0,152.0
W25160.pdf,25160,HORIZONTAL WELLCOLUMBUS FEDERAL 3 16H,33-053-04856,Gas,4,153N,101W,SENE,N/A,N/A,N/A,Continental Resources Inc.,2013-10-16 00:00:00,N/A,"Acidizing, Fracture Treatment, Shooting",Continental,Name,"AUTHORIZATION TO PURCHASE AND TRAN EASE FORM 8 INDUSTRIAL COMMISSION OF NORTH DAKOTAOIL AND GAS DIVISION Well File No. 600 EAST BOULEVARD DEPT 405 25160 BISMARCK, ND 58505 0840 NDIC CTB No. SFN 5698 (03 2000) PLEASE READ INSTRUCTIONS BEFORE FILLING OUT FORM. PLEASE SUBMIT THE ORIGINAL AND FOUR COPIES. Well Name and Number Qtr Qtr Section Township Range County w Columbus Federal 3 16H SENE 16 153 N 101 McKenzie Operator Telephone Number Field Continental Resources Inc. 405 234 9000 Baker Addre",33-053-04856,COLUMBUS FEDERAL 3 16H,N/A,Active,Oil & Gas,Williston,570.0,702.0
W25571.pdf,25571,Spacing Unit Description Colville 5301 44 12T,33-053-04981,Gas,57,153N,101W,SESE,191' FNL & 1134' FEL,N/A,N/A,Mike McCammond,N/A,N/A,"Acidizing, Fracture Treatment, Shooting",Oasis,Name,"SUNDRY NOTICES AND REPORTS ON WELLS FORM 4 INDUSTRIAL COMMISSION OF NORTH DAKOTAOIL AND GAS DIVISION 'Well File No. 600 EAST BOULEVARD DEPT 405 25571 BISMARCK, ND 58505 0840 SFN 5749 (09 2006) PLEASE READ INSTRUCTIONS BEFORE FILLING OUT FORM. PLEASE SUBMIT THE ORIGINAL AND ONE COPY. ID Notice of Intent Approximate Start Date D Spill Report D DRedrilling or Repair Shooting 0 Report of Work Done Date Work Completed D Casing or Liner D Acidizing November 30, 2013 D DPlug Well Fracture Treatment D",33-053-04981,Colville 5301 44 12T,N/A,Active,Oil & Gas,Williston,714.0,1100.0
W28651.pdf,28651,Otr Otr County swsw KLINE FEDERAL 5300 41 18,33-053-06025,Swsw,57,153N,100W,SWSW,1250' FSL & 237' FWL,N/A,N/A,Oasis Petroleum,N/A,N/A,"Acidizing, Fracture Treatment, Shooting",Oasis,Name,"AUTHORIZATION TO PURCHASE AND TRANSPORT OIL FROM LEASE, .. .F. onn . . . .. B . INDUSTRIAL COMMISSION OF NORTH DAKOTA Welll'lleNo. OIL AND GAS DMSION 286!1 600 EAST BOULEVARD DEPT 40! NDICCTINo. BISMARCK, NO !8505 0840 116133 SFN 5698 (03 2000) PLEAS!! RI!AO INSTRUCnONS BII'ORE FIWNG OUT FORM. PLIASI! SUBMIT THI! ORIGINAL AND FOUR COPIES. Well Name and Number Otr Otr County swsw KLINE FEDERAL 5300 41 18 9T Mckenzie Operator Telephone Number Field Oasis Petroleum North America LLC (281",33-053-06025,KLINE FEDERAL 5300 41 18,N/A,Active,Oil & Gas,Williston,379.0,2600.0
W22220.pdf,22099,Oasis Jefferies 5301 43 12B,33-053-03911,Gas,57,153N,101W,SESE,190' FNL & 2635' FEL,N/A,N/A,Jace Pitre,N/A,N/A,"Acidizing, Fracture Treatment, Shooting",BAKERNORTH,Ed,"SUNDRY NOTICES AND REPORTS ON WELLS FORll1t4 INDUSTRIAL COMMISSION OF NORTH DAKOTA 0,i. ',.,(b?/ , OIL AND GAS DIVISION t ,,' .. Well File No. 600 EAST BOULEVARD DEPT 405 J/1 222100 01 !Jer l BISMARCK, ND 58505 0840 ?01JNDaltlv D / ..) SFN 5749 (09 2006) . e / 'f!D .., C. , 111 . , ,jf .G4. .l ' ' (,.. PLEASE READ INSTRUCTIONS BEFORE FILLING OUT FORM. /'& . o. , PLEASE SUBMIT THE ORIGINAL AND ONE COPY. c I/ , ...... L. ,, 0 Notice of Intent Approximate",33-053-03911,Jefferies 5301 43 12B,N/A,N/A,N/A,N/A,0.0,0.0
W22221.pdf,22221,Spacing Unit Description lnnoko 5301 43 12T,33-053-03911,Gas,57,153N,101W,SWSE,198' FNL & 2518' FEL,N/A,N/A,shall file with the Commission two cooies of all logs run. Logs shall be submitted as one,N/A,N/A,"Acidizing, Fracture Treatment, Shooting",Oasis,County,SUNDRY NOTICES AND REPORTS ON WELLS FINDUSTRIAL COMMISSION OF NORTH DAKOTA,33-053-03911,lnnoko 5301 43 12T,N/A,N/A,N/A,N/A,0.0,0.0
W28637.pdf,28637,Job # S14009 02,33-053-06022,Gas,57,153N,100W,SWNW,2636' FSL & 326' FWL,N/A,N/A,"Oasis Petroleum North America, LLC",N/A,N/A,"Acidizing, Fracture Treatment, Shooting",Oasis,Name,"SUNDRY NOTICES AND REPORTS ON WELLS FORM 4 INDUSTRIAL COMMISSION OF NORTH DAKOTA Receiveld . OIL AND GAS DIVISION ell File No. 600 EAST BOULEVARD DEPT 405 FEB 12 201 29537 . BISMARCK, ND 58505 0840 SFN 5749 (09 2006) ND Oil & Gas Division PLEASE READ INSTRUCTIONS BEFORE FILLING OUT FORM. PLEASE SUBMIT THE ORIGINAL AND ONE COPY. ID Notice of Intent Approximate Start Date D Drilling Prognosis D Spill Report D DRedrilling or Repair Shooting 0 Report of Work Done Date Work Com",33-053-06022,N/A,N/A,Active,Oil & Gas,Williston,248.0,1300.0
W11920.pdf,11920,CORPS OF ENGINEERS 31 10,33-053-02148,Mckenziesection,10,153N,101W,NWNE,N/A,N/A,N/A,"RIM OPERATING, INC.",N/A,N/A,N/A,BAKERCounty,N/A,"Industrial Commission of North Dakota Oil and Gas Division Spill / Incident Report Date/Time Reported Dec 8 2014 / 14 08 State Agency person Responsible Party RIM OPERATING, INC. Well Operator RIM OPERATING, INC. Date/Time of Incident 12/7/2014 12 00 00 AMNDIC File Number 11920 Facility Number Well or Facility Name CORPS OF ENGINEERS 31 10 Type of Incident Valve/Piping Connection Leak Field Name BAKERCounty MCKENZIESection 10 Township 153 Range 101 Quarter Quarter Q",33-053-02148,CORPS OF ENGINEERS 31 10,N/A,Plugged and Abandoned,Oil & Gas,Williston,64.0,0.0
W23372.pdf,23372,ATLANTA 1 6H,33-105-02732,Gas,57,153N,101W,NWNW,N/A,N/A,N/A,"CONTINENTAL RESOURCES, INC.",2012-12-16 00:00:00,2012-12-24 00:00:00,"Acidizing, Fracture Treatment, Shooting",Pool,County,"j SUNDRY NOTICES AND REPORTS ON WELLS FORM 4 INDUSTRIAL COMMISSION OF NORTH DAKOTA ! OIL AND GAS DIVISION Well File No. 600 EAST BOULEVARD DEPT 405 23372 BISMARCK, ND 58505 0840 SFN 5749 (09 2006) PLEASE READ INSTRUCTIONS BEFORE FILLING OUT FORM. PLEASE SUBMIT THE ORIGINALI A ND ONE COPY. D Notice of Intent Approximate Start Date D D Spill Report D D Shooting Ill Report of Work Done Date Work Completed D Casing or Liner D Acidizing June 4, 2014 D PlugWell D Fracture Treatment D Notice of Int",33-105-02732,ATLANTA 1 6H,N/A,Active,Oil & Gas,Williston,0.0,0.0
W23366.pdf,23366,HORIZONTAL WELLATLANTA FEDERAL 7 6H,33-105-02726,Gas,57,153N,101W,NWNW,N/A,N/A,N/A,"Continental Resources, Inc.",2013-07-06 00:00:00,2013-07-12 00:00:00,"Acidizing, Fracture Treatment, Shooting",Continental,Name,"5 ! Well File No. 600 EAST BOULEVARD DEPT 405 23366 BISMARCK, ND 58505 0840 SFN 5749 (09 2006) PLEASE READ INSTRUCTIONS BEFORE FILLING OUT FORM. PLEASE SUBMIT THE ORIGINALI A ND ONE COPY. D Notice of Intent Approximate Start Date O Drilling Prognosis D Spill Report 0 Redrilling or Repair D Shooting Ill Report of Work Done Date Work Completed 0 Casing or Liner D Acidizing June 4, 2014 O Plug Well D Fracture Treatment D Notice of Intent to Begin a Workover Project that may Qualify D Supplemental H",33-105-02726,ATLANTA FEDERAL 7 6H,N/A,Active,Oil & Gas,Williston,787.0,1000.0
W22247.pdf,22247,MAGNUM 1 36 25H,33-053-03943,Mckenziesection,36,153N,101W,SWSW,250' FSL & 815' FWL,N/A,N/A,"SLAWSON EXPLORATION COMPANY, INC.",N/A,N/A,"Fracture Treatment, Shooting",BAKERCounty,Permit,"Slawson Exploration Company, Inc. McKenzie County, NDSec. 36 T153N R101WMagnum 1 36 25HPlan ASurvey Sperry Survey Standard Report 22 March, 2012 Well Coordinates 389,408.89 N, 1,204,680.91 E (48 01' 30.35 N, 103 37' 20.35 W) Ground Level 2,187.00 ft Local Coordinate Origin Centered on Well Magnum 1 36 25HViewing Datum RKB 22.00' @ 2209.00ft (Nabors 419) TVDs to System NNorth Reference True Unit System API US Survey Feet Custom Geodetic Scale Factor Applied Version 2003.16 Build",33-053-03943,MAGNUM 1 36,N/A,Active,Oil & Gas,Williston,1400.0,1000.0
W28756.pdf,28756,Spacing Unit Description Kline Federal 5300 31 18,33-053-06057,Gas,57,153N,100W,NENW,2130' FSL & 626' FWL,N/A,N/A,"Oasis Petroleum North America, LLC",N/A,N/A,"Acidizing, Fracture Treatment, Shooting",Oasis,Name,"SUNDRY NOTICES AND REPORTS ON WELLS FORM 4 RE E EDINDUSTRIAL COMMISSION OF NORTH DAKOTAI OIL AND GAS DIVISION IWell File No. 600 EAST BOULEVARD DEPT 405 FEB 0 3 2017 28756 BISMARCK, ND 58505 0840 SFN 5749 (09 2006) ND Oil & Gas Div. PLEASE READ INSTRUCTIONS BEFORE FILLING OUT FORM. PLEASE SUBMIT THE ORIGINAL AND ONE COPY. D Notice of Intent I Approximate Start Date D Drilling Prognosis D Spill Report D DRedrilling or Repair Shooting 0 Report of Work Done Date Work Completed D Casing or Liner D",33-053-06057,Kline Federal 5300 31 18,N/A,Abandoned,Oil & Gas,Williston,0.0,0.0
W28554.pdf,28554,Spacing Unit Description Wade Federal 5300 31 30,33-053-05995,Gas,57,153N,100W,SWNW,1329' FSL & 240' FWL,N/A,N/A,and will be,N/A,N/A,"Acidizing, Fracture Treatment, Shooting",Pool,County,"SUNDRY NOTICES AND REPORTS ON WELLS FORM 4 INDUSTRIAL COMMISSION OF NORTH DAKOTAOIL AND GAS DIVISION IWell File No. Received 28554 600 EAST BOULEVARD DEPT 405 BISMARCK, ND 58505 0840 SFN 5749 (09 2006) FEB 1 2 2016 PLEASE READ INSTRUCTIONS BEFORE FILLING OUT FORM. PLEASE SUBMIT THE ORIGINAL AND ONE COPY. D Notice of Intent I Approximate Start Date D Drilling Prognosis D Spill Report D DRedrilling or Repair Shooting 0 Report of Work Done Date Work Completed D Casing or Liner D Acidizing Se temb",33-053-05995,Wade Federal 5300 31 30,N/A,Active,Oil & Gas,Williston,266.0,1600.0
W23367.pdf,23367,ATLANTA FEDERAL 6 6H,33-105-02727,Williamssection,6,153N,101W,NWNW,N/A,N/A,N/A,"Continental Resources, Inc.",2013-06-15 00:00:00,2013-06-22 00:00:00,"Acidizing, Fracture Treatment, Shooting",BAKERCounty,Name,"Industrial Commission of North Dakota Oil and Gas Division Spill / Incident Report Date/Time Reported Feb 7 2014 / 12 07 State Agency person Responsible Party Versatile Energy Well Operator CONTINENTAL RESOURCES, INC. Date/Time of Incident 2/6/2014 12 00 00 AMNDIC File Number 23367 Facility Number Well or Facility Name ATLANTA FEDERAL 6 6HType of Incident Other Field Name BAKERCounty WILLIAMSSection 6 Township 153 Range 101 Quarter Quarter Quarter Distance to near",33-105-02727,ATLANTA FEDERAL 6 6H,N/A,Active,Oil & Gas,Williston,339.0,609.0
W28636.pdf,28636,Spacing Unit Description Chalmers 5300 21 19,33-053-06021,Chalmers,57,153N,100W,SWNW,2044' FNL & 200' FEL,N/A,N/A,"Oasis Petroleum North America, LLC",N/A,N/A,"Acidizing, Fracture Treatment, Shooting",Oasis,Name,".. INDUSTRIAL COMMISSION OF NORTH DAKOTAOIL AND GAS DIVISION 600 EAST BOULEVARD DEPT 405 BISMARCK, ND 58505 0840 SFN 2468 (04 2010) PLEASE READ INSTRUCTIONS BEFORE FILLING OUT FORM. PLEASE SUBMIT THE ORIGINAL AND ONE COPY. Designate Type of Completion i zJ Oil Well D EOR Well D Recompletion D Deepened Well D Added Horizontal Leg D Extended Horizontal Leg D Gas Well D SWD Well D Water Supply Well D Other Well Name and Number Spacing Unit Description Chalmers 5300 21 19 ST Sec. 19/20 T153N R100WO",33-053-06021,Chalmers 5300 21 19,N/A,Active,Oil & Gas,Williston,227.0,1500.0
W28634.pdf,28634,Spacing Unit Description Chalmers 5300 21 19,33-053-06019,Chalmers,57,153N,100W,SENE,1444' FNL & 200' FEL,N/A,N/A,"Oasis Petroleum North America, LLC",N/A,N/A,"Acidizing, Fracture Treatment, Shooting",Oasis,Name,"WELL COMPLETION OR RECOMPLETION REPORT FORM 6 tU21?c??J INDUSTRIAL COMMISSION OF NORTH DAKOTA OIL AND GAS DIVISION r ' ' e N .o ., 600 EAST BOULEVARD DEPT 405 28634 BISMARCK, ND 58505 0840 SFN 2468 (04 2010) PLEASE READ INSTRUCTIONS BEFORE FILLING OUT FORM. PLEASE SUBMIT THE ORIGINAL AND ONE COPY. Designate Type of Completion IZI Oil Well D EOR Well D Recompletion D Deepened Well D Added Horizontal Leg D Extended Horizontal Leg D Gas Well D SWD Well D Water Suppl",33-053-06019,Chalmers 5300 21 19,N/A,Active,Oil & Gas,Williston,292.0,553.0
W23365.pdf,23365,HORIZONTAL WELLATLANTA FEDERAL 8 6H,33-105-02725,Gas,57,153N,101W,NWNW,N/A,N/A,N/A,"Continental Resources, Inc.",N/A,N/A,"Acidizing, Fracture Treatment, Shooting",Pool,Lcounty,") SUNDRY NOTICES AND REPORTS ON WELLS FORM 4 INDUSTRIAL COMMISSION OF NORTH DAKOTAOIL AND GAS DIVISION Well File No. 600 EAST BOULEVARD DEPT 405 23365 BISMARCK, ND 58505 0840 SFN 5749 (09 2006) ' PLEASE READ INSTRUCTIONS BEFORE FILLING OUT FORM. PLEASE SUBMIT THE ORIGINALI A ND ONE COPY. D Notice of Intent Approximate Start Date D D Spill Report D Redrilling or Repair D Shooting Ill Report of Work Done Date Work Completed D Casing or Liner D Acidizing June 4, 2014 D Plug Well D Fracture Treatm",33-105-02725,ATLANTA FEDERAL 8 6H,N/A,Active,Oil & Gas,Williston,229.0,493.0
W23371.pdf,23371,ATLANTA 2 6H,33-105-02731,Williamssection,6,153N,101W,NWNW,N/A,N/A,N/A,"CONTINENTAL RESOURCES, INC.",2013-01-07 00:00:00,2013-01-14 00:00:00,"Acidizing, Fracture Treatment, Shooting",BAKERCounty,County,"Industrial Commission of North Dakota Oil and Gas Division Spill / Incident Report Date/Time Reported Oct 27 2013 / 17 09 State Agency person Responsible Party Petty Construction Well Operator CONTINENTAL RESOURCES, INC. Date/Time of Incident 10/27/2013 12 00 00 AMNDIC File Number 23371 Facility Number Well or Facility Name ATLANTA 2 6HType of Incident Tank Overflow Field Name BAKERCounty WILLIAMSSection 6 Township 153 Range 101 Quarter Quarter Quarter Distance to",33-105-02731,ATLANTA 2 6H,N/A,Active,Oil & Gas,Williston,84.0,351.0
W23359.pdf,23359,Atlanta 14 6H,33-105-02719,Gas,57,153N,101W,NENW,N/A,N/A,N/A,"Continental Resources, Inc.",2013-03-05 00:00:00,2013-04-14 00:00:00,"Acidizing, Fracture Treatment, Shooting",Continental,Name,"5 SUNDRY NOTICES AND REPORTS ON WELLS FORM 4 l tC lff.i2r., ., INDUSTRIAL COMMISSION OF NORTH DAKOTAOIL AND GAS DIVISION .. $' Well File No. 600 EAST BOULEVARD DEPT 405 23359 i . Su' i(Jv... BISMARCK. ND 58505 0840 SFN 5749 (09 2006) (, D ' PLEASE READ INSTRUCTIONS BEFORE FILLING OUT FORM. 'r / / l ' ) u ( ) J & 2 . , l 0 J 'W .. ., PLEASE SUBMIT THE ORIGINALI A ND ONE COPY. gSD Notice of Intent Approximate Start Date D D Spill Repo",33-105-02719,Atlanta 14 6H,N/A,Active,Oil & Gas,Williston,592.0,872.0
W28754.pdf,28754,Spacing Unit Description Kline Federal 5300 31 18,33-053-00605,Kline,57,153N,100W,SENW,2523' FSL & 238' FWL,N/A,N/A,M McCammond,N/A,N/A,"Acidizing, Fracture Treatment, Shooting",Address,Name,"AUTHORIZATION TO PURCHASE AND TRANSPORT OIL FROM LEASE,.. .. ,.F. orm . . . ,.. 8 . ., . . .. , INDUSTRIAL COMMISSION OF NORTH DAKOTAOIL AND GAS DMSION 28754 600 EAST BOULEVARD DEPT 405 NDICCT!No. BISMARCK, NO 5850S 0840 0 SFN 5698 (03 2000) P t 6/ PLIASI READ INSTRUCTIONS BIFORI! FIWNO OUT FORM. c.. t,. .. PLIASI SUBMIT THI ORIGINAL AND FOUR COPIIS. Wall Nama and Number Qtr Qtr County KLINE FEDERAL 5300 31 18 88 LOT3 Opemor Telephone Number Oasis Petroleum North America LLC (281) 4",33-053-00605,Kline Federal 5300 31 18,N/A,N/A,N/A,N/A,0.0,0.0
W15358.pdf,15358,Lewis & Clark 2 4H,33-053-02556,McKenzie,4,153N,101W,SENE,N/A,N/A,N/A,NANCE PETROLEUM CORPORATION,N/A,N/A,N/A,BAKER,N/A,"OIL AND GAS DIVISION Well File No. 600 EAST BOULEVARD DEPT 40 15358 BISMARCK, ND 58505 0840 Well Name and Number Qtr Qtr Section Township Range County Lewis & Clark 2 4H SENE 4 153 N 101 w McKenzie Operator Telephone Number Field RIM Operatin , Inc 303 799 9828 Baker Address City State Zip Code co 5 Inverness Drive East En lewood 80112 I 1% Name of First Purchaser Telephone Number Purchased Date Effective PetroChina International America, Inc. 832 325 5317 100 September 1, 2015 Principal Place o",33-053-02556,Lewis & Clark 2 4H,N/A,Active,Oil & Gas,Williston,537.0,537.0
W28755.pdf,28755,Otr Otr KLINE FEDERAL 5300 31 18,33-053-06056,Gas,57,153N,100W,NENW,2490' FSL & 238' FWL,N/A,N/A,"Oasis Petroleum North America, LLC",N/A,N/A,"Acidizing, Fracture Treatment, Shooting",Oasis,Name,"AUTHORIZATION TO PURCHASE AND TRANSPORT OIL FROM LEASE,... .. ..F. onn B ... INDUSTRIAL COMMISSION OF NORTH DAKOTA Welll'lle No. OIL AND GAS DMSION 28755 800 EAST BOULEVARD DEPT 405 NDtC CTI No. BISMARCK, NO 58505 0840 0 ). f (, ISFN 5898 (03 2000) PI.EASI RI!AD INSTRUCTIONS IEfORI FIWNG OUT FORM. PI.EASI SUIMIT T1i1 ORIGINAL AND I'OUR COPIIS. Well Name and Number Otr Otr KLINE FEDERAL 5300 31 18 7T LOT3 Operator Telephone Number Field Oasis Petroleum North America LLC (281) 404 9573",33-053-06056,KLINE FEDERAL 5300 31 18,N/A,Active,Oil & Gas,Williston,285.0,1100.0
W23370.pdf,23370,Spacing Unit Description Atlanta 3 6H,33-105-02730,Gas,57,153N,101W,NWNW,N/A,N/A,N/A,Continental Resources,2012-12-16 00:00:00,2012-12-24 00:00:00,"Acidizing, Fracture Treatment, Shooting",Pool,Name,"j SUNDRY NOTICES AND REPORTS ON WELLS FGRM'Ar INDUSTRIAL COMMISSION OF NORTH DAKOTA ! OIL AND GAS DIVISION Well File No. 600 EAST BOULEVARD DEPT 405 23370 BISMARCK, ND 58505 0840 SFN 5749 (09 2006) PLEASE READ INSTRUCTIONS BEFORE FILLING OUT FORM. PLEASE SUBMIT THE ORIGINALI A ND ONE COPY. D Notice of Intent Approximate Start Date D Drilling Prognosis D Spill Report D Redrilling or Repair D Shooting Ill Report of Work Done Date Work Completed D Casing or Liner D Acidizing June 4, 2014 D PlugWe",33-105-02730,Atlanta 3 6H,N/A,Active,Oil & Gas,Williston,481.0,764.0
W23364.pdf,23364,Atlanta Federal 9 6H,33-105-02724,Gas,57,153N,101W,NENW,N/A,N/A,N/A,"Continental Resources, Inc.",2013-08-20 00:00:00,2013-08-25 00:00:00,"Acidizing, Fracture Treatment, Shooting",Cperator,Nar,"s SUNDRY NOTICES AND REPORTS ON WELLS FO . .. f ,'f1 (4cJ'ef,, INDUSTRIAL COMMISSION OF NORTH DAKOTAOIL AND GAS DIVISION ' . ,. , Well File No. 6 B 0 IS 0 ME AA RS CT KB , ON UD L E 5 V 85 A 0 R 5 D 0 8 D 40 E PT 405 ! ! r . . u . V ( I , .' 1 ' . 2 J 3 , ' ' i . r t . . . l , r c ,. v ' . . J . 23364 SFN 5749 (09 2006) ! . '.. .'.! . (.) b. u ' ) S 0 / , PLEASE READ INSTRUCTIONS BEFORE FILLING OUT FORM. P",33-105-02724,Atlanta Federal 9 6H,N/A,Inactive,Oil & Gas,Williston,0.0,0.0
W28557.pdf,28557,Spacing Unit Description Wade Federal 5300 41 30,33-053-05998,Mckenzielot,5,153N,100W,SWNW,877' FSL & 280' FWL,N/A,N/A,Well Name Final report Date,N/A,N/A,"Acidizing, Fracture Treatment, Shooting",Baker,Name,"Wade Federal 5300 41 30 7TEnd of Well Report Wade Federal 5300 41 30 7T 877' FSL 280' FWLSEC 30, T153N, R100WMcKenzie County, NDPrepared by Dylan E. Fowler, well site geologist Columbine Logging, Inc. 2385 S. Lipan St. Denver CO 80223 Prepared for Brendan Hargrove, operations geologist 1001 Fannin, Suite 1500 Houston, Texas 77002 1.0 INTRODUCTIONWade Federal 5200 41 30 7T is a East lateral Three Forks 1st Bench well located in SEC 30, T153N, R100W in McKenzie County, North Dakota. The primar",33-053-05998,Wade Federal 5300 41 30,N/A,Active,Oil & Gas,Williston,317.0,1100.0
W28190.pdf,28190,Lewis Federal 5300 21 31,33-053-05845,Mckenzie,31,153N,100W,SWNW,1995' FNL & 200' FEL,N/A,N/A,of its intent to drill the Well and has advised the Gathering Company that it currently,2019-02-04 00:00:00,N/A,"Acidizing, Fracture Treatment, Shooting",Baker,Name,"WELL COMPLET ON OR RECOMPLET ON REPORT FORM CE INDUSTRIAL COMMISSION OF NORTH DAKOTAO!L AND GAS DIVIS10NDEPT 405 SEP 1 7 2019 28190 BISMARCK,ND 58505 0840 SFN 2468(04 2010) C CAS DE es ig n o a i t t e w Ty e pe t t o f Comp E le tio E n oR wel El Recomptetion ! Deepened wett E Rooeo Horizontal Leg E Extended Horizontal Leg E Gaswell E Swowett E Watersupptywett tr otner We Name and Number Spacing unit DeSCription Lewis Federa 530021 316B Sec.31 32T153N R100WOperator Telephone Numbe",33-053-05845,Lewis Federal 5300 21 31,N/A,Active,Oil & Gas,Williston,967.0,4100.0
W28194.pdf,28194,Lewis Federal 5300 21 31,33-053-05849,Mckenzie,31,153N,100W,NESE,2611' FSL & 513' FWL,N/A,N/A,Oasis Petroleum,2019-01-30 00:00:00,N/A,"Acidizing, Fracture Treatment, Shooting",of,County,XX 19 Page 2 SFN 2468(04 2010) GEOLOGiCAL MARKERS PLUG BACKINFORMAT ONFormation MD(Ft) TVD(Ft) tVe Bore TvDe of Pluq Top(Ft) Bottom(Ft) Sacks Cemenl Dakota Kibbev Lime 8 1 8436 First Charles Salt 3589 8584 UBBase Last Salt 9265 9258 Ratc ffe Mission Canyon 9473 9466 Lodgepole 10039 10032 False Bakken 10940 40750 Scallion LJDDeT Bakken 10963 10759 Middlo Bakken 11020 10774 Target CORES CUTToo(Ft) Bouom(Ft) Formation Top(Ft) Bottom(Ft) Fo malon Test Date Formalion Top (Ft) Botom(Ft) 8H Temp ( F),33-053-05849,Lewis Federal 5300 21 31,N/A,Active,Oil & Gas,Williston,1000.0,211.0
W23360.pdf,23360,ATLANTA13 6H,33-105-02720,Gas,57,153N,101W,NENW,N/A,N/A,N/A,"Continental Resources, Inc.",2013-03-08 00:00:00,2013-04-07 00:00:00,"Acidizing, Fracture Treatment, Shooting",Co,County,"5 INDUSTRIAL COMMISSION OF NORTH DAKOTAOIL AND GAS DIVISION IWell File No. 600 EAST BOULEVARD DEPT 405 23360 BISMARCK, ND 58505 0840 SFN 5749 (09 2006) PLEASE READ INSTRUCTIONS BEFORE FILLING OUT FORM. PLEASE SUBMIT THE ORIGINAL AND ONE COPY. ID Notice of Intent Approximate Start Date D Spill Report D Redrilling or Repair Shooting Ill Report of Work Done Date Work Completed D Casing or Liner D Acidizing June 4, 2014 D Plug Well D Fracture Treatment D Notice of Intent to Begin a Workover Project",33-105-02720,ATLANTA13 6H,N/A,N/A,N/A,N/A,0.0,0.0
W28976.pdf,28976,Oasis Wade Federal 5300 21 30,33-053-06129,Gas,57,153N,100W,SWNW,N/A,N/A,N/A,Daniel Ogden,N/A,N/A,"Acidizing, Fracture Treatment, Shooting",Pool,County,"SUNDRY NOTICES AND REPORTS ON WELLS FORM 4 INDUSTRIAL COMMISSION OF NORTH DAKOTAReceived OIL AND GAS DIVISION IWell File No. 28976 600 EAST BOULEVARD DEPT 405 BISMARCK, ND 58505 0840 FEB 1 2 2016 SFN 5749 (09 2006) !JD OH & Gas Divi ion PLEASE READ INSTRUCTIONS BEFORE FILLING OUT FORM. PLEASE SUBMIT THE ORIGINAIL A ND ONE COPY. D Notice of Intent Approximate Start Date D Drilling Prognosis D Spill Report D DRedrilling or Repair Shooting 0 Report of Work Done Date Work Completed D Casing or Lin",33-053-06129,Wade Federal 5300 21 30,N/A,Active,Oil & Gas,Williston,501.0,1900.0
W28744.pdf,28744,Spacing Unit Description Wade Federal 5300 41 30,33-053-06051,Wa,57,153N,100W,SWNW,611' FSL & 260' FWL,N/A,N/A,and will be,N/A,N/A,"Acidizing, Fracture Treatment, Shooting",Baker,Name,"AUTHORIZATION TO PURCHASE A EASE Form 8 INDUSTRIAL COMMISSION OF NORTH Well File No. t OIL AND GAS DIVISION 28744 600 EAST BOULEVARD DEPT 405 NDIC CTB No. BISMARCK, ND 58505 0840 To be assigned SFN 5698 (03 2000) PLEASE REAO INSTRUCTIONS BEFORE FILLING OUT FORM. PLEASE SUBMIT THE ORIGINAL ANO FOUR COPIES. w ell Name and Number Qtr Qtr Section Range County wA DE FEDERAL 5300 41 30 9B LOT4 30 100 Mckenzie 0 perator Telephone Number Field 0 asis Petroleum North America LLC (281) 404 9573 BAKERA d",33-053-06051,Wade Federal 5300 41 30,N/A,Active,Oil & Gas,Williston,305.0,3000.0
W23361.pdf,23361,Spacing Unit Description AUmta 12 6H,33-105-02721,Gas,57,153N,101W,NENW,N/A,N/A,N/A,"Continental Resources, Inc.",2013-03-10 00:00:00,2013-03-30 00:00:00,"Acidizing, Fracture Treatment, Shooting",Continental,County,") !A SUNDRY NOTICES AND REPORTS ON WELLS INDUSTRIAL COMMISSION OF NORTH DAKOTAOIL AND GAS DIVISION Well File No. 600 EAST BOULEVARD DEPT 405 23361 BISMARCK, ND 58505 0840 SFN 5749 (09 2006) ' PLEASE READ INSTRUCTIONS BEFORE FILLING OUT FORM. PLEASE SUBMIT THE ORIGINALI A ND ONE COPY. D Notice of Intent Approximate Start Date O Drilling Prognosis D Spill Report 0 Redrilling or Repair D Shooting i zJ Report of Work Done Date Work Completed 0 Casing or Liner D Acidizing June 3, 2014 O PlugWell D",33-105-02721,AUmta 12 6H,N/A,N/A,N/A,N/A,0.0,0.0
W22731.pdf,22731,MAGNUM 3 36 25H,33-053-04069,Mckenziesection,36,153N,101W,SWSW,N/A,N/A,N/A,"SLAWSON EXPLORATION COMPANY, INC.",N/A,N/A,Fracture Treatment,BAKERCounty,Permit,"Industrial Commission of North Dakota Oil and Gas Division Spill / Incident Report Date/Time Reported Jun 3 2013 / 10 40 State Agency person Responsible Party Slawson Well Operator SLAWSON EXPLORATION COMPANY, INC. Date/Time of Incident 6/1/2013 12 00 00 AMNDIC File Number 22731 Facility Number Well or Facility Name MAGNUM 3 36 25HType of Incident Treater Popoff Field Name BAKERCounty MCKENZIESection 36 Township 153 Range 101 Quarter Quarter SEQuarter SEDistance t",33-053-04069,MAGNUM 3 36,N/A,Active,Oil & Gas,Williston,0.0,0.0
W28342.pdf,28342,Spacing Unit Description Chalmers 5301 44 24,33-053-05924,Gas,57,153N,101W,SESE,1027' FSL & 228' FWL,N/A,N/A,Henry Unger,N/A,N/A,"Acidizing, Fracture Treatment, Shooting",Pool,County,"SUNDRY NOTICES AND REPORTS ON WELLS FORM 4 INDUSTRIAL COMMISSION OF NORTH DAKOTAOIL AND GAS DIVISION 600 EAST BOULEVARD DEPT 405 BISMARCK, ND 58505 0840 SFN 5749 (09 2006) PLEASE READ INSTRUCTIONS BEFORE FILLING OUT FORM. PLEASE SUBMIT THE ORIGINAL AND ONE COPY. ID DNotice of Intent Approximate Start Date D DRedrilling or Repair Shooting 0 D DReport of Work Done Date Work Completed Casing or Liner Acidizing Februa 4, 2015 D DPlug Well Fracture Treatment D D DNotice of Intent to Begin a Workove",33-053-05924,Chalmers 5301 44 24,N/A,Active,Oil & Gas,Williston,275.0,2500.0
W23363.pdf,23363,HORIZONTAL WELLATLANTA FEDERAL 10 6H,33-105-02723,Gas,57,153N,101W,NENW,N/A,N/A,N/A,"Continental Resources, Inc.",2013-09-06 00:00:00,2013-09-12 00:00:00,"Acidizing, Fracture Treatment, Shooting",Continental,Name,"5 ! OIL AND GAS DIVISION Well File No. 600 EAST BOULEVARD DEPT 405 23363 BISMARCK, ND 58505 0840 SFN 5749 (09 2006) PLEASE READ INSTRUCTIONS BEFORE FILLING OUT FORM. PLEASE SUBMIT THE ORIGINALI A ND ONE COPY. D Notice of Intent Approximate Start Date D Drilling Prognosis D Spill Report D Redrilling or Repair D Shooting t zJ Report of Work Done Date Work Completed D Casing or Liner D Acidizing June 4, 2014 D PlugWell D Fracture Treatment D Notice of Intent to Begin a Workover Project that may Qua",33-105-02723,ATLANTA FEDERAL 10 6H,N/A,Active,Oil & Gas,Williston,387.0,666.0
W29316.pdf,29316,GRAMMA FEDERAL 5300 41 31,33-053-06231,Gas,57,153N,100W,SWSW,647' FSL & 320' FWL,N/A,N/A,"will not utilize a filtration system, a waiver to the container requirement will be considered, but",2015-02-01 00:00:00,N/A,"Acidizing, Fracture Treatment, Shooting",Oasis,Name,"SUNDRY NOTICES AND REPORTS ON WELLS FORM 4 INDUSTRIAL COMMISSION OF NORTH DAKOTAOIL AND GAS DIVISION !Well File No. 600 EAST BOULEVARD DEPT 405 Received 29316 BISMARCK, ND 58505 0840 SFN 5749 (09 2006) FEB 1 2 2016 PLEASE READ INSTRUCTIONS BEFORE FILLING OUT FORM. PLEASE SUBMIT THE ORIGINAL AND ONE COPY. ID Notice of Intent Approximate Start Date D Drilling Prognosis D Spill Report D DRedrilling or Repair Shooting 0 Report of Work Done Date Work Completed D Casing or Liner D Acidizing Au ust 2",33-053-06231,GRAMMA FEDERAL 5300 41 31,N/A,Active,Oil & Gas,Williston,723.0,3800.0
W29317.pdf,29317,Spacing Unit Description Gramma Federal 5300 41 31,33-053-06232,Mckenzielot,57,153N,100W,SWSW,713' FSL & 320' FWL,N/A,N/A,"will not utilize a filtration system, a waiver to the container requirement will be considered, but",2015-01-19 00:00:00,N/A,"Acidizing, Fracture Treatment, Shooting",Oasis,Name,"AUTHORIZATION TO PURCHASE AND TRANSPORT OIL FROM LEASE Form 8 INDUSTRIAL COMMISSION OF NORTH DAKOTA W oU F io N o. OIL AND GAS DMSION 29317 600 EAST BOULEVARD DEPT 405 NDICCTBNo. BISMARCK, ND 58505 0840 To be I ned SFN 5698 (03 2000) PLEASE READ INSTRUCTIONS BEFORE FILLING OUT FORM. PLEASE SUBMIT THE ORIGINAL AND FOUR COPIES. Well Name and Number Qtr Qtr Section Township Range County G R .A... M. . M A F E D E R AL 53 0 0 4 1 31.. ...1.. .3 T 1 .. L O T 4 , 3",33-053-06232,Gramma Federal 5300 41 31,N/A,Active,Oil & Gas,Williston,357.0,2900.0
W20864.pdf,22099,BRAY 5301 43 12H,33-053-03911,Mckenziesection,12,153N,101W,SESE,250' FNL & 1927' FEL,N/A,N/A,OASIS PETROLEUM NORTH AMERICA LLC,N/A,N/A,"Acidizing, Fracture Treatment, Shooting",BAKERCounty,Ed,Industrial Commission of North Dakota Oil and Gas Division Spill / Incident Report Date/Time Reported Aug 22 2014 / 08 48 State Agency person Responsible Party Oasis Petroleum Well Operator OASIS PETROLEUM NORTH AMERICA LLCDate/Time of Incident 8/21/2014 12 00 00 AMNDIC File Number 20864 Facility Number Well or Facility Name BRAY 5301 43 12HType of Incident Stuffing Box Leak Field Name BAKERCounty MCKENZIESection 12 Township 153 Range 101 Quarter Quarter SWQuarter,33-053-03911,BRAY 5301 43 12H,N/A,N/A,N/A,N/A,0.0,0.0
W23362.pdf,23362,ATLANTA 11 6H,33-105-02722,Gas,57,153N,101W,NENW,N/A,N/A,N/A,"Continental Resources, Inc.",2013-03-12 00:00:00,2013-03-22 00:00:00,"Acidizing, Fracture Treatment, Shooting",Pool,Pj,"JSUNDRY NOTICES AND REPORTS ON WELLS FORM 4 INDUSTRIAL COMMISSION OF NORTH DAKOTAOIL AND GAS DIVISION Well File No. 600 EAST BOULEVARD DEPT 405 23362 BISMARCK, ND 58505 0840 SFN 5749 (09 2006) ' PLEASE READ INSTRUCTIONS BEFORE FILLING OUT FORM. PLEASE SUBMIT THE ORIGINALI A ND ONE COPY. D Notice of Intent Approximate Start Date D Spill Report D Shooting Ill Report of Work Done Date Work Completed D Casing or Liner O Acidizing June 3, 2014 D PlugWell O Fracture Treatment 0 Notice of Intent to Be",33-105-02722,ATLANTA 11 6H,N/A,Active,Oil & Gas,Williston,565.0,843.0
W28394.pdf,28554,Spacing Unit Description Wade Federal 5300 41 30,33-053-05943,Mckenzielot,57,153N,100W,SWSW,1263' FSL & 240' FWL,N/A,N/A,David Grant,N/A,N/A,"Acidizing, Fracture Treatment, Shooting",Oasis,Name,"INDUSTRIAL COMMISSION OF NORTH DAKOTAOIL AND GAS DIVISION IWell File No. 600 EAST BOULEVARD DEPT 405 28394 BISMARCK, ND 58505 0840 SFN 2468 (04 2010) PLEASE READ INSTRUCTIONS BEFORE FILLING OUT FORM. PLEASE SUBMIT THE ORIGINAL AND ONE COPY. Designate Type of Completion IZI Oil Well D EOR Well 0 Recompletion D Deepened Well 0 Extended Horizontal Leg D Gas Well D SWD Well 0 Water Supply Well D Other Well Name and Number Spacing Unit Description Wade Federal 5300 41 30 4T Sec. 29/30 T153N R101WOpe",33-053-05943,Wade Federal 5300 41 30,N/A,Active,Oil & Gas,Williston,78.0,779.0
W28425.pdf,28425,Spacing Unit Description Wade Federal 5300 41 30,33-053-05954,Mckenzielot,57,153N,100W,SWNW,910' FSL & 280' FWL,N/A,N/A,Well Name Final report Date,N/A,N/A,"Acidizing, Fracture Treatment, Shooting",Baker,Name,"Wade Federal 5300 41 30 6BEnd of Well Report Wade Federal 5300 41 30 6B 910' FSL 280' FWLSEC 30, T153N, R100WMcKenzie County, NDPrepared by Jake Robertson, well site geologist Columbine Logging, Inc. 2385 S. Lipan St. Denver CO 80223 Prepared for Brendan Hargrove, operations geologist 1001 Fannin, Suite 1500 Houston, Texas 77002 1.0 INTRODUCTIONWade Federal 5200 41 30 6B is a East lateral Middle Bakken well located in SEC 30, T153N, R100W in McKenzie County, North Dakota. The primary pay zon",33-053-05954,Wade Federal 5300 41 30,N/A,Inactive,Oil & Gas,Williston,0.0,0.0
W28633.pdf,28633,Spacing Unit Description Chalmers 5300 21 19,33-053-06018,Gas,57,153N,100W,SWNW,N/A,N/A,N/A,"Oasis Petroleum North America, LLC",N/A,N/A,"Acidizing, Fracture Treatment, Shooting",Pool,County,"SUNDRY NOTICES AND REPORTS ON WELLS FORM 4 INDUSTRIAL COMMISSION OF NORTH DAKOTAReceived OIL AND GAS DIVISION IWell File No. 600 EAST BOULEVARD DEPT 405 28633 FEB 18 2016 BISMARCK, ND 58505 0840 SFN 5749 (09 2006) ND Oil & Geis Division PLEASE READ INSTRUCTIONS BEFORE FILLING OUT FORM. PLEASE SUBMIT THE ORIGINAL AND ONE COPY. D Notice of Intent I Approximate Start Date D Drilling Prognosis D Spill Report D DRedrilling or Repair Shooting 0 Report of Work Done Date Work Completed D Casing or Lin",33-053-06018,Chalmers 5300 21 19,N/A,Active,Oil & Gas,Williston,396.0,1000.0
W28978.pdf,28976,Range WADE FEDERAL 5300 21 30,33-053-06131,Mckenzielot,57,153N,100W,SWNW,N/A,N/A,N/A,Daniel Ogden,N/A,N/A,"Acidizing, Fracture Treatment, Shooting",Oasis,Name,"Received WELL COMPLET ON OR RECOMPLET ON REPORlU ORtt Qo18 1NDuSTRIAL COMMiSS10N OF NORTH DAKOTA 01L AND OAS DlVIS10N 600 EAST BOU EVARD DEPT 405 ND O &Gas BISMARCK,ND 58505 C840 D lsion SFN 2403(0 2010) PLEASE READINSTRUCT10NS BEFORE FILL NC OuT FORMPLEASE SuBMIT THE ORIG!NAL AND ONE COPYOesignate Typo ol Completion E oltwett E EoR we E Recomptelon E o pened we E Added Horizontatleg E Extended Hortzontat Leg D Gas Well E SWD WeI O Wate, SueDtyu,bl O Other We,Name and Numbel spadng unl De",33-053-06131,WADE FEDERAL 5300 21 30,N/A,Active,Oil & Gas,Williston,50.0,245.0
W28601.pdf,28601,Spacing Unit Description Chalmers Wade Federal 5301 44 2412T,33-053-06012,Gas,57,153N,101W,SESE,522' FSL & 142' FWL,N/A,N/A,Daniel Ogden,N/A,N/A,"Acidizing, Fracture Treatment, Shooting",Oasis,County,"WELL COMPLETION OR RECOMPLETION REPORT FOR 6 INDUSTRIAL COMMISSION OF NORTH DAKOTA ' tl 12 131 4 l s' OIL AND GAS DIVISION ,,.",33-053-06012,Chalmers Wade Federal 5301 44 24,N/A,Active,Oil & Gas,Williston,540.0,3600.0
W23230.pdf,23230,ASH FEDERAL 5300 11 18T,33-053-04211,Mckenziesection,18,153N,100W,NENE,550' FNL & 200' FEL,N/A,N/A,Mike McCammond,N/A,N/A,"Acidizing, Fracture Treatment, Shooting",BAKERCounty,Lcounty,Industrial Commission of North Dakota Oil and Gas Division Spill / Incident Report Date/Time Reported Jan 11 2015 / 16 26 State Agency person Responsible Party OASIS PETROLEUM NORTH AMERICA LLCWell Operator OASIS PETROLEUM NORTH AMERICA LLCDate/Time of Incident 1/6/2015 12 00 00 AMNDIC File Number 23230 Facility Number Well or Facility Name ASH FEDERAL 5300 11 18TType of Incident Valve/Piping Connection Leak Field Name BAKERCounty MCKENZIESection 18 Township 153 Range,33-053-04211,ASH FEDERAL 5300 11 18T,N/A,Active,Oil & Gas,Williston,256.0,186.0
W22099.pdf,22099,YUKON 5301 41 12T,33-053-03911,Mckenziesection,12,153N,101W,SWSW,255' FSL & 650' FWL,N/A,N/A,OASIS PETROLEUM NORTH AMERICA LLC,N/A,N/A,"Acidizing, Fracture Treatment, Shooting",BAKERCounty,Name,Industrial Commission of North Dakota Oil and Gas Division Spill / Incident Report Date/Time Reported Dec 25 2013 / 11 47 State Agency person Responsible Party Oasis Petroleum Well Operator OASIS PETROLEUM NORTH AMERICA LLCDate/Time of Incident 12/25/2013 12 00 00 AMNDIC File Number 22099 Facility Number 15623.1 Well or Facility Name YUKON 5301 41 12TType of Incident Stuffing Box Leak Field Name BAKERCounty MCKENZIESection 12 Township 153 Range 101 Quarter Quarter Q,33-053-03911,YUKON 5301 41 12T,N/A,Active,Oil & Gas,Williston,1100.0,1500.0
W29244.pdf,29244,Job # S15091 02,33-053-06225,Kline,57,153N,100W,NWNW,1875' FNL & 250' FEL,N/A,N/A,Oasis Petroleum North America LLC,N/A,N/A,"Acidizing, Fracture Treatment, Shooting",Oasis,Name,"INDUSTRIAL COMMISSION OF NORTH DAKOTAOIL AND GAS DIVISION No. 600 EAST BOULEVARD DEPT 405 29244 BISMARCK, ND 58505 0840 SFN 2468 (04 2010) PLEASE READ INSTRUCTIONS BEFORE FILLING OUT FORM. PLEASE SUBMIT THE ORIGINAL AND ONE COPY. Designate Type of Completion 1 1 Oil Well 0 EOR Well D Recompletion D Deepened Well D Added Horizontal Leg D Extended Horizontal Leg D Gas Well D SWD Well D Water Supply Well D Other Well Name and Number Spacing Unit Descrip.tion Kline Federal 5300 11 18 3T Sec. 17/18",33-053-06225,N/A,N/A,Active,Oil & Gas,Williston,158.0,743.0
W28600.pdf,28600,Oasis Chalmers 5301 44 24,33-053-06011,Gas,57,153N,101W,SESE,727' FSL & 204' FWL,N/A,N/A,Daniel Ogden,N/A,N/A,"Acidizing, Fracture Treatment, Shooting",Oasis,Address,"SUNDRY NOTICES AND REPORTS ON WELLS FORM 4 INDUSTRIAL COMMISSION OF NORTH DAKOTAOIL AND GAS DIVISION !Well File No. 28600 600 EAST BOULEVARD DEPT 405 BISMARCK, ND 58505 0840 SFN 5749 (09 2006) PLEASE READ INSTRUCTIONS BEFORE FILLING OUT FORM. PLEASE SUBMIT THE ORIGINAL AND ONE COPY. ID DNotice of Intent Approximate Start Date D DRedrilling or Repair Shooting 0 Report of Work Done Date Work Completed D Casing or Liner D Acidizing Janua 15,2015 D Plug Well D Fracture Treatment D Notice of Intent",33-053-06011,Chalmers 5301 44 24,N/A,Abandoned,Oil & Gas,Williston,0.0,0.0
W23369.pdf,23369,ATLANTA 4 6H,33-105-02729,Williamssection,6,153N,101W,NWNW,N/A,N/A,N/A,Continental Resources,2013-02-11 00:00:00,2013-02-17 00:00:00,"Acidizing, Fracture Treatment, Shooting",BAKERCounty,County,"Industrial Commission of North Dakota Oil and Gas Division Spill / Incident Report Date/Time Reported Nov 1 2013 / 08 52 State Agency person Responsible Party Schlumberger Well Operator CONTINENTAL RESOURCES, INC. Date/Time of Incident 11/1/2013 12 00 00 AMNDIC File Number 23369 Facility Number Well or Facility Name ATLANTA 4 6HType of Incident Tank Overflow Field Name BAKERCounty WILLIAMSSection 6 Township 153 Range 101 Quarter Quarter Quarter Distance to nearest",33-105-02729,ATLANTA 4 6H,N/A,Active,Oil & Gas,Williston,173.0,449.0
W28599.pdf,28342,Spacing Unit Description Chalmers 5301 44 24,33-053-06010,Gas,57,153N,101W,SESE,761' FSL & 249' FWL,N/A,N/A,Daniel Ogden,N/A,N/A,"Acidizing, Fracture Treatment, Shooting",SERVICES,Bakkendate,"SUNDRY NOTICES AND REPORTS ON WELLS FORM 4 INDUSTRIAL COMMISSION OF NORTH DAKOTAOIL AND GAS DIVISION 600 EAST BOULEVARD DEPT 405 BISMARCK, ND 58505 0840 SFN 5749 (09 2006) PLEASE READ INSTRUCTIONS BEFORE FILLING OUT FORM. PLEASE SUBMIT THE ORIGINAL AND ONE COPY. ID DNotice of Intent Approximate Start Date Drilling Prognosis D DRedrilling or Repair Shooting 0 Report of Work Done Date Work Completed D Casing or Liner D Acidizing Janua 30,2015 D Plug Well D Fracture Treatment D Notice of Intent t",33-053-06010,Chalmers 5301 44 24,N/A,Active,Oil & Gas,Williston,1300.0,4000.0
W29334.pdf,29334,Otr Otr County KLINE FEDERAL 5300 11 18,33-053-06243,Gas,57,153N,100W,NENW,1080' FNL & 250' FEL,N/A,N/A,"Oasis Petroleum North America, LLC.",N/A,N/A,"Acidizing, Fracture Treatment, Shooting",Pool,Name,"SUNDRY NOTICES AND REPORTS ON WELLS FORM 4 INDUSTRIAL COMMISSION OF NORTH DAKOTAOIL AND GAS DIVISION Received 'Well File No. 600 EAST BOULEVARD DEPT 405 29334 BISMARCK, ND 58505 0840 FEB 12 2016 SFN 5749 (09 2006) PLEASE READ INSTRUCTIONS BEFORE FILLING OUT FORM. ND Oil & Gas Division PLEASE SUBMIT THE ORIGINAL AND ONE COPY. ID Notice of Intent Approximate Start Date D Drilling Prognosis D Spill Report D DRedrilling or Repair Shooting 0 Report of Work Done Date Work Completed D Casing or Liner",33-053-06243,KLINE FEDERAL 5300 11 18,N/A,Active,Oil & Gas,Williston,206.0,1900.0
W22249.pdf,22249,Spacing Unit Description MAGNUM 2 36,33-053-03944,Ma,36,153N,101W,SESE,N/A,N/A,N/A,to submit an image log as a,N/A,N/A,Fracture Treatment,Slawson,Suite,"FO. WELL COMPLETl. R RECOMPLETION REPORT INDUSTRIAL COMMISSION OF NORTH DAKOTA IOIL AND GAS DIVISION . 1, ! I, Well File No. 600 EAST BOULEVARD DEPT 405 ,, , 22249 BISMARCK, ND 58505 0840 Zt ., . , .,. SFN 2468 (04 2010) PLEASE READ INSTRUCTIONS BEFORE FILLING OUT FORM. PLEASE SUBMIT THE ORIGINAL AND ONE COPY. Designate Type of Completion 0 Oil Well D EOR Well D Recompletion D Deepened Well D Extended Horizontal Leg Gas Well SWDWell Water Supply Well Other Well Name a",33-053-03944,MAGNUM 2 36,N/A,Active,Oil & Gas,Williston,296.0,193.0
W23368.pdf,23368,Spacing Unit Description Atlanta Federal 5 6H,33-105-02728,Gas,57,151N,101W,NWNW,N/A,N/A,N/A,"Continental Resources, Inc.",2013-05-27 00:00:00,2013-06-02 00:00:00,"Acidizing, Fracture Treatment, Shooting",Pool,County,"5 SUNDRY NOTICES AND REPORTS ON WELLS FORM 4 INDUSTRIAL COMMISSION OF NORTH DAKOTA ! OIL AND GAS DIVISION Well File No. 600 EAST BOULEVARD DEPT 405 23368 BISMARCK, ND 58505 0840 SFN 5749 (09 2006) PLEASE READ INSTRUCTIONS BEFORE FILLING OUT FORM. PLEASE SUBMIT THE ORIGINALI A ND ONE COPY. D Notice of Intent Approximate Start Date D D Spill Report D D Shooting Ill Report of Work Done Date Work Completed D Casing or Liner D Acidizing June 4, 2014 D PlugWell D Fracture Treatment D Notice of Intent",33-105-02728,Atlanta Federal 5 6H,N/A,Active,Oil & Gas,Williston,520.0,794.0
W29242.pdf,29242,Spacing Unit Description Kline Federal 5300 11 18,33-053-06223,Kline,57,153N,100W,NWNW,2210' FNL & 250' FEL,N/A,N/A,"Oasis Petroleum North America, LLC",N/A,N/A,"Acidizing, Fracture Treatment, Shooting",Oasis,Name,"WELL COMPLETION OR RECOMPLETION REPORT FORINDUSTRIAL COMMISSION OF NORTH DAKOTAOIL AND GAS DIVISION 600 EAST BOULEVARD DEPT 405 29242 BISMARCK, ND 58505 0840 SFN 2468 (04 2010) PLEASE READ INSTRUCTIONS BEFORE FILLING OUT FORM. PLEASE SUBMIT THE ORIGINAL AND ONE COPY. Designate Type of Completion Ill Oil Well 0 EOR Well D Recompletion D Deepened Well D Added Horizontal Leg 0 Extended Horizontal Leg D Gas Well D SWD Well D Water Supply Well D Other Well Name and Number Spacing Unit Description",33-053-06223,Kline Federal 5300 11 18,N/A,Active,Oil & Gas,Williston,318.0,2400.0
W28649.pdf,28649,Job # S14004 02,33-053-06024,Gas,57,153N,100W,SWNW,N/A,N/A,N/A,"J. Creech, R. Maddalena",N/A,N/A,"Acidizing, Fracture Treatment, Shooting",Pool,County,"SUNDRY NOTICES AND REPORTS ON WELLS FORM 4 INDUSTRIAL COMMISSION OF NORTH DAKOTAOIL AND GAS DIVISION !Well File No. Received 28649 600 EAST BOULEVARD DEPT 405 BISMARCK, ND 58505 0840 FEB 12 2016 SFN 5749 (09 2006) PLEASE READ INSTRUCTIONS BEFORE FILLING OUT FORM. ND Oil & Gas Division PLEASE SUBMIT THE ORIGINAIL A ND ONE COPY. D D DNotice of Intent Approximate Start Date Drilling Prognosis Spill Report D DRedrilling or Repair Shooting 0 Report of Work Done Date Work Completed D Casing or Liner",33-053-06024,N/A,N/A,Active,Oil & Gas,Williston,135.0,770.0
W28648.pdf,28648,Job # S14008 02,33-053-06023,Chalmers,57,153N,100W,NESE,2440' FNL & 250' FEL,N/A,N/A,notices saltwater valve was leaking into tail,N/A,N/A,"Acidizing, Fracture Treatment, Shooting",Oasis,Name,"1J3 l4 /S /cf , (!! 7 @o AUTHORIZATION TO PURCHAS TW.SP.O,RT 01if OM LEASE Form 8 INDUSTRIAL COMMISSION OF NO D tt o E 'f C A E r' I L V U E 5 D Well File No. co OIL AND GAS DIVISION 28648 600 EAST BOULEVARD DEPT 405 NO QJl &G As &Pd NDIC CTB No BISMARCK, ND 58505 0840 DIVISION To be assig ned SFN 5698 (03 2000) , ' '1 ' 6 lt 33 J'. r.. 62 J. , b PLEASE READ INSTRUCTIONS BEFORE FILLING OUT FORM. PLEASE SUBMIT THE ORIGINAL AND FOUR COPIES. Well Name and Number Qtr",33-053-06023,N/A,N/A,Active,Oil & Gas,Williston,321.0,1200.0
W30789.pdf,30789,Oasis Kline Federal 5300 31 18,33-053-06755,Kline,57,153N,100W,SWSE,N/A,N/A,N/A,"Oasis Petroleum North America, LLC",N/A,N/A,"Acidizing, Fracture Treatment, Shooting",Oasis,Permit,"AUTHORIZATION TO PURCHASE AND TRANSPORT OIL FROM LEASEr . .F. orm . . . ... 8 , INDUSTRIAL COMMISSION OF NORTH DAKOTA Wllll'le No. OIL AND GAS DMSION 30789 600 EAST BOULEVARD DEPT 405 NOICCTIINo. BISMARCK, NO 58505 0840 0 SFN 5698 (03 2000) PI.IASI! RI!AO INSTRUCTIONS lEFOR! FII.UNG OUT FORM. PLEASI SUBMIT THI ORIGINAL AND FOUR COPIIS. Well Name and Number Otr Qtr County KLINE FEDERAL 5300 31 18 15T LOT3 Mckenzie Operator Telephone Number Field Oasis Petroleum North America LLC (281) 4",33-053-06755,Kline Federal 5300 31 18,N/A,Active,Oil & Gas,Williston,489.0,1800.0
W28303.pdf,28303,Job # ND1411 0010N,33-053-05906,Gas,57,153N,100W,NWSW,1955' FSL & 350' FWL,N/A,N/A,Daniel Ogden,N/A,N/A,"Acidizing, Fracture Treatment, Shooting",Oasis,Name,"SUNDRY NOTICES AND REPORTS ON WELLS FORM 4 INDUSTRIAL COMMISSION OF NORTH DAKOTAOIL AND GAS DIVISION Received IWell File No. 600 EAST BOULEVARD DEPT 405 28303 BISMARCK, ND 58505 0840 FEB 1 2 2016 SFN 5749 (09 2006) PLEASE READ INSTRUCTIONS BEFORE FILLING OUT FORM. PLEASE SUBMIT THE ORIGINAIL A ND ONE COPY. 0 Notice of Intent Approximate Start Date D Drilling Prognosis D Spill Report D DRedrilling or Repair Shooting 0 Report of Work Done Date Work Completed D Casing or Liner D Acidizing Au ust",33-053-05906,N/A,N/A,Active,Oil & Gas,Williston,243.0,1200.0
W90329.pdf,90329,Spacing Unit Description Carson SWD 5301 12 24,33-053-90329,Gas,57,153N,101W,NENW,N/A,N/A,N/A,oASIS PETROLEUM NORTH AMERICA LLC,N/A,N/A,"Acidizing, Fracture Treatment, Shooting",Oasis,Name,"WELL COMPLETION OR RECOMPLETION REPORT FORMINDUSTRIAL COMMISSION OF NORTH DAKOTAOIL AND GAS DIVISION File No. 600 EAST BOULEVARD DEPT 405 90329 BISMARCK, ND 58505 0840 SFN 2468 (04 2010) PLEASE READ INSTRUCTIONS BEFORE FILLING OUT FORM. PLEASE SUBMIT THE ORIGINAL AND ONE COPY. Designate Type of Completion 0 Oil Well 0 EOR Well D Recompletion D Deepened Well D Added Horizontal Leg D Extended Horizontal Leg 0 Gas Well 1iZJ SWD Well D Water Supply Well D Other Well Name and Number Spacing Unit D",33-053-90329,Carson SWD 5301 12 24,N/A,Active,Salt Water Disposal,Williston,0.0,0.0
W28658.pdf,28658,Kline Federal 5300 41 18,33-053-06030,Kline,57,153N,100W,SWSW,200' FSL & 237' FWL,N/A,N/A,Oasis Petroleum,N/A,N/A,"Acidizing, Fracture Treatment, Shooting",Pool,Name,"Received WELL COMPLET!ON OR RECOMPLET10N REPORT 82019 F98 1NDuSTR AL COMMISS10N OF NORTH DAKOTAOiL AND GAS DIVIS10N 600 EAST BOULEVARD DEPT 405 28658 BISMARCK,ND 58505 0840 SFN 2468(04 2010) PLEASE READINSTRUCT10NS BEFORE F LLING OuT FORM. SUBMlT THE ORIGINAL AND ONE COPY. )eslgnate Type of Complotion E oit wett E EOR Well E Recomptotion E Deepened well E Rooea Horlzontal Leg E Extended Horizonlal Leg E Gaswelt E suowdt E WaterSupplyWell E Other We Name and Number spacing unt Descrip",33-053-06030,Kline Federal 5300 41 18,N/A,Active,Oil & Gas,Williston,153.0,1200.0
W25156.pdf,25156,Continental Resources Columbus Federal 1 16H,33-053-04852,Cc,9,153N,101W,NESE,2669' FNL & 318' FEL,N/A,N/A,Man Chris,2013-04-22 00:00:00,N/A,"Acidizing, Fracture Treatment, Shooting",Supervisor,Name,"Tabor, David From Bob Sandbo Sent Thursday, February 07, 2019 11 10 AMTo Tabor, David Subject FW Continental info needed CAUTION This email originated from an outside source. Do not click links or open attachments unless you know they are safe. David, Please see the email below on the status of the Columbus Federal 1 16H. Please let me know if you need anything else. It looks like we should have this one back on production around mid March. Thank you, Bob Sandbo Regula",33-053-04852,Columbus Federal 1 16H,N/A,Active,Oil & Gas,Williston,1100.0,2500.0
W30188.pdf,30188,Lewis Federal 5300 11 31,33-053-06548,Gas,57,153N,100W,NWNW,1321' FNL & 150' FEL,N/A,N/A,Oasis Petroleum,2019-01-03 00:00:00,N/A,"Acidizing, Fracture Treatment, Shooting",Strength,Name,"Survey Certification 7327 West Barton Road Casper, WY 82604 (307) 472 6621 Fax (307) 472 5439 Operator Oasis Petroleum Well Name & No. Lewis Federal 5300 11 31 3BAPI # 33 053 06548 County & State McKenzie County, NDSDI Job # OP.05419 Rig Nabors B21 Survey Date 22 Jan 2019 I, Seth M. Burstad , having personal knowledge of all the facts, hereby certify that the attached directional survey run from a measured depth of 0 feet to a measured depth of 2743 feet is true and correct as determined from al",33-053-06548,Lewis Federal 5300 11 31,N/A,Active,Oil & Gas,Williston,1800.0,4200.0
W30189.pdf,30189,Lewis Federal 5300 11 31,33-053-06549,Gas,57,153N,100W,NWNW,660' FNL & 150' FEL,N/A,N/A,Oasis Petroleum,2019-01-25 00:00:00,N/A,"Acidizing, Fracture Treatment, Shooting",Oasis,Name,"WELL COMPLET10N OR RECOMPLET10N REPORT FOR lC % !NDUSTR AL COMM!SS!ON OF NORTH DAKOTAOIL AND GAS DIV S ON 600 EAST BOULEVARD DEPT 405 30189 B SMARCK,ND 58505 0840 S SFN 2468(04 2010) ce4sFPLEASE READINSTRUCT10NS BEFORE FILLING OUT FORMPLEASE SUBMIT THE ORIGINAL AND ONE COPYDesignate Type of Completion E Oit wett E EOR Well E Recompletion I Deepened Well E RAOeo Horizontal Leg E Extended Horizontal Leg E Gaswell E swowat E Watersupplywell E other VVe Name and Number Spacing unl",33-053-06549,Lewis Federal 5300 11 31,N/A,Active,Oil & Gas,Williston,711.0,3900.0
W25157.pdf,25157,Range County Tallahassee 3 16H,33-053-04853,Tallahassee,16,153N,101W,SENE,N/A,N/A,N/A,Continental Resources Inc.,2013-11-08 00:00:00,N/A,"Acidizing, Fracture Treatment, Shooting",Address,County,"AUTHORIZATION TO PURCHASE AND TRANSPORT OIL FROM LEASE FORM 8 INDUSTRIAL COMMISSION OF NORTH DAKOTAOIL AND GAS DIVISION Well File No. 600 EAST BOULEVARD DEPT 405 25157 BISMARCK, ND 58505 0840 NDIC CTB No. SFN 5698 (03 2000) PLEASE READ INSTRUCTIONS BEFORE FILLING OUT FORM. PLEASE SUBMIT THE ORIGINAL AND FOUR COPIES. Well Name and Number Range County Tallahassee 3 16H 101 w McKenzie Operator Continental Resources Inc. Address City State Zip Code P .0. Box 268870 Oklahoma City OK 73126 IName",33-053-04853,Tallahassee 3 16H,N/A,Active,Oil & Gas,Williston,389.0,419.0
